district,Avg price,rainfall,month,year
1,1900,0.0,1,1
1,1900,0.0,1,1
1,1900,0.0,1,1
1,1900,0.0,1,1
1,1900,0.0,1,1
1,1900,0.0,1,1
1,1900,0.0,1,1
1,1950,0.0,1,1
1,1950,0.0,1,1
1,1950,0.0,1,1
1,1950,0.0,1,1
1,1950,0.0,1,1
1,1950,0.0,1,1
1,1950,0.0,1,1
1,1900,0.0,1,1
1,1850,0.0,1,1
1,1850,0.0,1,1
1,1800,0.0,1,1
1,1900,0.0,1,1
1,1900,0.0,1,1
1,1900,0.0,1,1
1,1900,0.0,1,1
1,1900,0.0,1,1
1,1900,0.0,1,1
1,1900,0.0,1,1
1,1700,0.0,1,1
1,1700,0.0,1,1
1,1700,0.0,1,1
1,1700,0.1,2,1
1,1700,0.1,2,1
1,1700,0.1,2,1
1,1700,0.1,2,1
1,1700,0.1,2,1
1,1700,0.1,2,1
1,1700,0.1,2,1
1,1700,0.1,2,1
1,1700,0.1,2,1
1,1800,0.1,2,1
1,1800,0.1,2,1
1,1800,0.1,2,1
1,1600,0.1,2,1
1,1600,0.1,2,1
1,1600,0.1,2,1
1,1900,0.1,2,1
1,1900,0.1,2,1
1,1900,0.1,2,1
1,1900,0.1,2,1
1,1900,0.1,2,1
1,1900,0.1,2,1
1,1900,0.1,2,1
1,1900,0.1,2,1
1,2150,0.1,2,1
1,1875,12.9,3,1
1,1875,12.9,3,1
1,1875,12.9,3,1
1,2000,12.9,3,1
1,2000,12.9,3,1
1,2000,12.9,3,1
1,2000,12.9,3,1
1,1900,12.9,3,1
1,2100,12.9,3,1
1,2100,12.9,3,1
1,2100,12.9,3,1
1,2100,12.9,3,1
1,2100,12.9,3,1
1,2100,12.9,3,1
1,1900,12.9,3,1
1,1900,12.9,3,1
1,1900,12.9,3,1
1,1900,12.9,3,1
1,1900,12.9,3,1
1,1850,12.9,3,1
1,1850,12.9,3,1
1,1850,12.9,3,1
1,2000,12.9,3,1
1,2000,12.9,3,1
1,1850,12.9,3,1
1,2000,7.2,4,1
1,1850,7.2,4,1
1,2100,7.2,4,1
1,2100,7.2,4,1
1,2100,7.2,4,1
1,2100,7.2,4,1
1,1900,7.2,4,1
1,2100,7.2,4,1
1,2100,7.2,4,1
1,2100,7.2,4,1
1,2100,7.2,4,1
1,2100,7.2,4,1
1,2100,7.2,4,1
1,2100,7.2,4,1
1,2000,7.2,4,1
1,2000,7.2,4,1
1,2000,7.2,4,1
1,2000,7.2,4,1
1,1800,7.2,4,1
1,2000,7.2,4,1
1,1900,7.2,4,1
1,2000,7.2,4,1
1,2000,7.2,4,1
1,2000,7.2,4,1
1,2000,83.2,5,1
1,2000,83.2,5,1
1,2100,83.2,5,1
1,2100,83.2,5,1
1,1800,83.2,5,1
1,1800,83.2,5,1
1,1800,83.2,5,1
1,1975,83.2,5,1
1,1975,83.2,5,1
1,1975,83.2,5,1
1,1975,83.2,5,1
1,1975,83.2,5,1
1,2300,83.2,5,1
1,2300,83.2,5,1
1,2300,83.2,5,1
1,2300,83.2,5,1
1,2300,83.2,5,1
1,2300,83.2,5,1
1,1800,83.2,5,1
1,1800,83.2,5,1
1,1800,83.2,5,1
1,1800,83.2,5,1
1,1800,83.2,5,1
1,1800,83.2,5,1
1,1800,93.7,6,1
1,1800,93.7,6,1
1,1800,93.7,6,1
1,1800,93.7,6,1
1,1800,93.7,6,1
1,1800,93.7,6,1
1,2100,93.7,6,1
1,2100,93.7,6,1
1,2100,93.7,6,1
1,2100,93.7,6,1
1,2125,93.7,6,1
1,2125,93.7,6,1
1,2125,93.7,6,1
1,2125,93.7,6,1
1,2125,93.7,6,1
1,2125,93.7,6,1
1,2125,93.7,6,1
1,2125,93.7,6,1
1,2125,93.7,6,1
1,2200,93.7,6,1
1,2200,93.7,6,1
1,2200,93.7,6,1
1,2200,80.6,7,1
1,2200,80.6,7,1
1,2200,80.6,7,1
1,2200,80.6,7,1
1,2200,80.6,7,1
1,2200,80.6,7,1
1,2200,80.6,7,1
1,2200,80.6,7,1
1,2100,80.6,7,1
1,2100,80.6,7,1
1,2100,80.6,7,1
1,2000,80.6,7,1
1,2000,80.6,7,1
1,2000,80.6,7,1
1,2050,80.6,7,1
1,2050,80.6,7,1
1,2050,80.6,7,1
1,2050,80.6,7,1
1,2050,80.6,7,1
1,2050,80.6,7,1
1,2150,80.6,7,1
1,2150,80.6,7,1
1,2150,80.6,7,1
1,2150,80.6,7,1
1,2150,80.6,7,1
1,2150,118.1,8,1
1,2150,118.1,8,1
1,2150,118.1,8,1
1,2150,118.1,8,1
1,2200,118.1,8,1
1,2200,118.1,8,1
1,2200,118.1,8,1
1,2250,118.1,8,1
1,2250,118.1,8,1
1,2250,118.1,8,1
1,2250,118.1,8,1
1,2250,118.1,8,1
1,2250,118.1,8,1
1,2250,118.1,8,1
1,2250,118.1,8,1
1,2250,118.1,8,1
1,2200,118.1,8,1
1,2200,118.1,8,1
1,2200,118.1,8,1
1,2200,181.8,9,1
1,2150,181.8,9,1
1,2150,181.8,9,1
1,2150,181.8,9,1
1,2150,181.8,9,1
1,2150,181.8,9,1
1,2250,181.8,9,1
1,2250,181.8,9,1
1,2250,181.8,9,1
1,2250,181.8,9,1
1,2250,181.8,9,1
1,2250,181.8,9,1
1,2250,181.8,9,1
1,2250,181.8,9,1
1,2250,181.8,9,1
1,2250,181.8,9,1
1,2250,181.8,9,1
1,2250,181.8,9,1
1,2250,181.8,9,1
1,2250,181.8,9,1
1,2250,181.8,9,1
1,2250,181.8,9,1
1,2250,181.8,9,1
1,2250,247.3,10,1
1,2250,247.3,10,1
1,2250,247.3,10,1
1,2350,247.3,10,1
1,2350,247.3,10,1
1,2250,247.3,10,1
1,2250,247.3,10,1
1,2250,247.3,10,1
1,2250,247.3,10,1
1,2250,247.3,10,1
1,2250,247.3,10,1
1,2250,247.3,10,1
1,2250,247.3,10,1
1,2250,247.3,10,1
1,2250,247.3,10,1
1,2250,247.3,10,1
1,2250,247.3,10,1
1,2650,247.3,10,1
1,2250,27.8,11,1
1,2250,27.8,11,1
1,2200,27.8,11,1
1,2200,27.8,11,1
1,2200,27.8,11,1
1,2200,27.8,11,1
1,2200,27.8,11,1
1,2200,27.8,11,1
1,2200,27.8,11,1
1,2200,27.8,11,1
1,2250,27.8,11,1
1,2250,27.8,11,1
1,2250,27.8,11,1
1,1650,27.8,11,1
1,1900,0.1,2,1
1,1600,83.2,5,1
1,1700,83.2,5,1
1,1700,83.2,5,1
1,1450,83.2,5,1
1,1450,93.7,6,1
1,1450,93.7,6,1
1,1450,93.7,6,1
1,1450,93.7,6,1
1,1450,93.7,6,1
1,1450,93.7,6,1
1,1600,93.7,6,1
1,1850,93.7,6,1
1,1500,93.7,6,1
1,1500,0.1,2,1
1,1500,12.9,3,1
1,1500,83.2,5,1
1,1500,93.7,6,1
1,1600,93.7,6,1
1,1500,80.6,7,1
1,1500,80.6,7,1
1,1550,118.1,8,1
1,1550,181.8,9,1
1,1600,247.3,10,1
1,1500,247.3,10,1
1,1700,247.3,10,1
1,1890,0.0,1,1
1,1666,0.0,1,1
1,1000,0.1,2,1
1,1600,0.1,2,1
1,1800,0.1,2,1
1,1568,12.9,3,1
1,1600,7.2,4,1
1,1600,83.2,5,1
1,1600,83.2,5,1
1,1500,80.6,7,1
1,1800,80.6,7,1
1,1800,80.6,7,1
1,1780,181.8,9,1
1,1900,181.8,9,1
1,1800,181.8,9,1
1,1700,247.3,10,1
1,1830,27.8,11,1
2,2180,42.2,11,1
3,1553,23.9,4,1
3,1630,6.0,2,1
3,1200,91.7,9,1
3,1075,6.0,2,1
3,1219,0.0,1,1
3,1209,0.0,1,1
3,1202,0.0,1,1
3,1722,6.0,2,1
4,1189,102.2,9,1
4,1600,1.9,2,1
4,1800,22.5,3,1
4,1500,42.2,4,1
4,1500,128.9,5,1
4,1500,45.5,7,1
4,1300,45.5,7,1
4,1300,45.5,7,1
4,1300,122.9,8,1
4,1500,122.9,8,1
4,1500,102.2,9,1
4,1300,102.2,9,1
4,1600,10.4,11,1
4,1500,0.0,1,1
4,1400,0.0,1,1
4,2058,22.5,3,1
4,1600,47.8,6,1
4,1833,45.5,7,1
4,2000,122.9,8,1
4,1950,122.9,8,1
4,1975,102.2,9,1
4,1200,102.2,9,1
4,1350,172.2,10,1
4,1250,10.4,11,1
4,1200,10.4,11,1
4,1682,10.4,11,1
4,1600,10.4,11,1
4,1500,0.0,1,1
4,1100,22.5,3,1
4,1400,42.2,4,1
4,1200,122.9,8,1
4,1400,102.2,9,1
5,1600,230.4,9,1
5,1600,0.8,1,1
5,1600,0.8,1,1
5,1600,0.8,1,1
5,1300,0.8,1,1
5,1500,1.5,2,1
5,1500,1.5,2,1
5,1500,1.5,2,1
5,1500,1.5,2,1
5,1600,1.5,2,1
5,1600,8.9,3,1
5,1600,8.9,3,1
5,1600,79.8,4,1
5,1300,79.8,4,1
5,1600,79.8,4,1
5,1350,79.8,4,1
5,1600,79.8,4,1
5,1600,79.8,4,1
5,1600,177.3,5,1
5,1600,177.3,5,1
5,1400,175.4,6,1
5,1600,175.4,6,1
5,1600,175.4,6,1
5,1600,751.2,7,1
5,1600,517.2,8,1
5,1600,230.4,9,1
5,1500,230.4,9,1
5,1400,149.4,10,1
5,2325,149.4,10,1
5,1825,23.2,11,1
5,1800,0.8,1,1
5,1200,0.8,1,1
5,1880,0.8,1,1
5,1600,0.8,1,1
5,1703,0.8,1,1
5,1450,0.8,1,1
5,1200,0.8,1,1
5,1700,0.8,1,1
5,1440,0.8,1,1
5,1300,0.8,1,1
5,1300,1.5,2,1
5,1300,1.5,2,1
5,1400,1.5,2,1
5,1500,1.5,2,1
5,1900,1.5,2,1
5,1950,1.5,2,1
5,1334,8.9,3,1
5,1575,8.9,3,1
5,1650,8.9,3,1
5,1980,8.9,3,1
5,1600,8.9,3,1
5,1600,8.9,3,1
5,1400,8.9,3,1
5,1333,8.9,3,1
5,1850,8.9,3,1
5,1400,8.9,3,1
5,1500,8.9,3,1
5,1860,8.9,3,1
5,1400,8.9,3,1
5,1800,79.8,4,1
5,1800,79.8,4,1
5,1850,79.8,4,1
5,1334,79.8,4,1
5,1500,79.8,4,1
5,1820,79.8,4,1
5,1800,79.8,4,1
5,1250,79.8,4,1
5,1725,79.8,4,1
5,1333,79.8,4,1
5,1850,79.8,4,1
5,1400,177.3,5,1
5,1333,177.3,5,1
5,2300,177.3,5,1
5,1650,177.3,5,1
5,1700,177.3,5,1
5,1400,177.3,5,1
5,1440,177.3,5,1
5,1400,177.3,5,1
5,1600,177.3,5,1
5,1600,177.3,5,1
5,1400,175.4,6,1
5,1700,175.4,6,1
5,1500,175.4,6,1
5,1250,175.4,6,1
5,1600,175.4,6,1
5,1600,175.4,6,1
5,1600,175.4,6,1
5,1550,175.4,6,1
5,1600,175.4,6,1
5,1334,175.4,6,1
5,1500,751.2,7,1
5,2000,751.2,7,1
5,1400,751.2,7,1
5,1500,751.2,7,1
5,1700,751.2,7,1
5,1700,751.2,7,1
5,1334,751.2,7,1
5,1600,517.2,8,1
5,1200,517.2,8,1
5,1200,517.2,8,1
5,1650,517.2,8,1
5,1710,517.2,8,1
5,1600,517.2,8,1
5,1500,517.2,8,1
5,1600,8.9,3,1
5,1400,0.8,1,1
5,1700,0.8,1,1
5,1400,0.8,1,1
5,1200,0.8,1,1
5,1573,1.5,2,1
5,1800,1.5,2,1
5,1600,1.5,2,1
5,1800,1.5,2,1
5,1583,8.9,3,1
5,1300,8.9,3,1
5,1667,8.9,3,1
5,1800,8.9,3,1
5,1600,8.9,3,1
5,1815,8.9,3,1
5,1962,79.8,4,1
5,1820,79.8,4,1
5,1600,79.8,4,1
5,1258,79.8,4,1
5,2000,79.8,4,1
5,1300,79.8,4,1
5,1891,79.8,4,1
5,1600,177.3,5,1
5,1300,177.3,5,1
5,1574,177.3,5,1
5,1583,177.3,5,1
5,1866,177.3,5,1
5,1800,177.3,5,1
5,1666,175.4,6,1
5,1500,175.4,6,1
5,2000,175.4,6,1
5,1511,175.4,6,1
5,1400,175.4,6,1
5,1840,751.2,7,1
5,1600,751.2,7,1
5,1600,751.2,7,1
5,1550,751.2,7,1
5,1600,751.2,7,1
5,2282,517.2,8,1
5,1149,517.2,8,1
5,1400,517.2,8,1
5,1850,517.2,8,1
5,1435,517.2,8,1
5,1450,230.4,9,1
5,1400,230.4,9,1
5,1400,230.4,9,1
5,1870,230.4,9,1
5,1600,230.4,9,1
5,1400,230.4,9,1
5,1600,149.4,10,1
5,1400,149.4,10,1
5,1400,149.4,10,1
5,1400,149.4,10,1
5,1494,149.4,10,1
5,1200,23.2,11,1
5,1300,23.2,11,1
5,1200,23.2,11,1
5,1400,23.2,11,1
6,1600,35.6,11,1
6,1500,0.3,1,1
6,1360,18.7,3,1
6,1400,18.7,3,1
6,1510,18.7,3,1
6,1500,18.7,3,1
6,1600,18.7,3,1
6,1530,53.9,4,1
6,1400,53.9,4,1
6,1300,53.9,4,1
6,1300,142.4,5,1
6,1300,142.4,5,1
6,1250,142.4,5,1
6,1250,55.9,6,1
6,1200,55.9,6,1
6,1200,96.9,7,1
6,1200,96.9,7,1
6,1320,179.7,8,1
6,1400,179.7,8,1
6,1500,179.7,8,1
6,1450,82.6,9,1
6,1300,82.6,9,1
6,1200,82.6,9,1
6,1200,82.6,9,1
6,1400,82.6,9,1
6,1450,82.6,9,1
6,1400,82.6,9,1
6,1300,82.6,9,1
6,1350,82.6,9,1
6,1350,82.6,9,1
6,1380,177.5,10,1
6,1200,177.5,10,1
6,1200,177.5,10,1
6,1300,177.5,10,1
6,1200,177.5,10,1
6,1200,177.5,10,1
6,1100,35.6,11,1
6,1100,35.6,11,1
6,1200,35.6,11,1
7,1950,34.2,11,1
7,1850,2.3,1,1
7,1850,81.2,4,1
7,1425,81.2,4,1
7,1230,2.3,1,1
7,1370,2.3,1,1
7,1425,0.6,2,1
7,1480,0.6,2,1
7,1350,0.6,2,1
7,1165,0.6,2,1
7,1490,7.6,3,1
7,1480,7.6,3,1
7,1605,7.6,3,1
7,1200,7.6,3,1
7,1575,7.6,3,1
7,1525,7.6,3,1
7,1410,81.2,4,1
7,1535,81.2,4,1
7,1600,81.2,4,1
7,1570,81.2,4,1
7,1900,81.2,4,1
7,1520,81.2,4,1
7,1525,120.0,5,1
7,1480,120.0,5,1
7,1550,120.0,5,1
7,1450,120.0,5,1
7,1360,66.2,6,1
7,1600,66.2,6,1
7,1625,66.2,6,1
7,1650,66.2,6,1
7,1410,141.2,7,1
7,1410,141.2,7,1
7,1410,141.2,7,1
7,1420,141.2,7,1
7,1535,141.2,7,1
7,1540,141.2,7,1
7,1425,141.2,7,1
7,1475,216.4,8,1
7,1475,216.4,8,1
7,1410,216.4,8,1
7,1415,216.4,8,1
7,1580,216.4,8,1
7,1400,216.4,8,1
7,1405,216.4,8,1
7,1420,216.4,8,1
7,1911,109.2,9,1
7,1540,109.2,9,1
7,1255,109.2,9,1
7,1220,109.2,9,1
7,1000,109.2,9,1
7,1440,109.2,9,1
7,1450,169.4,10,1
7,1550,169.4,10,1
7,1233,169.4,10,1
7,1360,169.4,10,1
7,1420,0.6,2,1
7,1320,7.6,3,1
7,1300,7.6,3,1
7,1380,216.4,8,1
7,1315,109.2,9,1
8,1109,113.2,9,1
8,1259,5.9,2,1
8,800,166.1,5,1
9,804,68.4,9,1
9,941,68.4,9,1
9,704,99.0,10,1
9,811,99.0,10,1
10,1500,9.4,11,1
10,1500,0.0,1,1
10,1555,0.0,1,1
10,1512,0.0,1,1
10,1580,0.0,1,1
10,1450,0.0,1,1
10,1455,0.0,1,1
10,1450,0.0,1,1
10,1400,0.0,1,1
10,1455,0.0,1,1
10,1410,0.0,1,1
10,1340,0.0,1,1
10,1300,0.0,1,1
10,1360,0.0,1,1
10,1357,0.0,1,1
10,1360,0.0,1,1
10,1350,0.0,1,1
10,1400,0.0,1,1
10,1350,0.0,1,1
10,1350,0.3,2,1
10,1400,0.3,2,1
10,1400,0.3,2,1
10,1350,0.3,2,1
10,1360,0.3,2,1
10,1540,0.3,2,1
10,1390,0.3,2,1
10,1350,0.3,2,1
10,1380,0.3,2,1
10,1280,0.3,2,1
10,1560,0.3,2,1
10,1400,0.3,2,1
10,1455,0.3,2,1
10,1450,0.3,2,1
10,1500,0.3,2,1
10,1610,14.2,3,1
10,2060,14.2,3,1
10,1480,14.2,3,1
10,1610,14.2,3,1
10,1410,14.2,3,1
10,1870,14.2,3,1
10,1500,14.2,3,1
10,1400,14.2,3,1
10,1460,14.2,3,1
10,1560,14.2,3,1
10,1450,14.2,3,1
10,1560,14.2,3,1
10,1500,14.2,3,1
10,1430,14.2,3,1
10,1500,14.2,3,1
10,1560,14.2,3,1
10,1450,78.1,4,1
10,1500,78.1,4,1
10,1450,78.1,4,1
10,1550,78.1,4,1
10,1510,78.1,4,1
10,1400,78.1,4,1
10,1400,78.1,4,1
10,1650,78.1,4,1
10,1300,78.1,4,1
10,1490,78.1,4,1
10,1607,78.1,4,1
10,1450,78.1,4,1
10,1600,78.1,4,1
10,1450,78.1,4,1
10,1400,78.1,4,1
10,1430,78.1,4,1
10,1360,148.5,5,1
10,1455,148.5,5,1
10,1380,148.5,5,1
10,1611,148.5,5,1
10,1430,148.5,5,1
10,1350,148.5,5,1
10,1390,148.5,5,1
10,1552,148.5,5,1
10,1350,148.5,5,1
10,1500,148.5,5,1
10,1290,148.5,5,1
10,1300,148.5,5,1
10,1390,148.5,5,1
10,1527,148.5,5,1
10,1537,148.5,5,1
10,1400,148.5,5,1
10,1390,148.5,5,1
10,1300,148.5,5,1
10,1290,148.5,5,1
10,1541,148.5,5,1
10,1470,148.5,5,1
10,1529,148.5,5,1
10,1350,70.4,6,1
10,1350,70.4,6,1
10,1400,70.4,6,1
10,1300,70.4,6,1
10,1460,70.4,6,1
10,1300,70.4,6,1
10,1400,70.4,6,1
10,1400,70.4,6,1
10,1400,70.4,6,1
10,1300,70.4,6,1
10,1300,70.4,6,1
10,1350,70.4,6,1
10,1466,70.4,6,1
10,2050,70.4,6,1
10,1300,70.4,6,1
10,1530,70.4,6,1
10,1450,220.5,7,1
10,1440,220.5,7,1
10,1320,220.5,7,1
10,1400,220.5,7,1
10,1500,220.5,7,1
10,1400,220.5,7,1
10,1445,220.5,7,1
10,1400,220.5,7,1
10,1380,220.5,7,1
10,1360,220.5,7,1
10,1460,220.5,7,1
10,1300,220.5,7,1
10,1360,220.5,7,1
10,1498,220.5,7,1
10,1400,220.5,7,1
10,1450,220.5,7,1
10,2000,220.5,7,1
10,1550,220.5,7,1
10,1490,160.9,8,1
10,1400,160.9,8,1
10,1300,160.9,8,1
10,1500,160.9,8,1
10,1400,160.9,8,1
10,1580,160.9,8,1
10,1500,160.9,8,1
10,1540,160.9,8,1
10,1380,160.9,8,1
10,1400,160.9,8,1
10,1553,160.9,8,1
10,1475,160.9,8,1
10,1460,160.9,8,1
10,1470,160.9,8,1
10,1520,160.9,8,1
10,1500,160.9,8,1
10,1500,160.9,8,1
10,1523,195.0,9,1
10,1400,195.0,9,1
10,1400,195.0,9,1
10,1430,195.0,9,1
10,1400,195.0,9,1
10,1400,195.0,9,1
10,1370,195.0,9,1
10,1410,195.0,9,1
10,1380,195.0,9,1
10,1400,195.0,9,1
10,1370,195.0,9,1
10,1380,195.0,9,1
10,1380,195.0,9,1
10,1615,195.0,9,1
10,1340,195.0,9,1
10,1474,195.0,9,1
10,1320,195.0,9,1
10,1430,137.2,10,1
10,1210,137.2,10,1
10,1350,137.2,10,1
10,1290,137.2,10,1
10,1400,137.2,10,1
10,1443,137.2,10,1
10,1300,137.2,10,1
10,1300,137.2,10,1
10,1200,137.2,10,1
10,1392,137.2,10,1
10,1395,137.2,10,1
10,1100,137.2,10,1
10,1200,9.4,11,1
10,1100,9.4,11,1
10,1100,9.4,11,1
10,1100,9.4,11,1
10,1120,9.4,11,1
10,1308,9.4,11,1
10,1200,9.4,11,1
10,1240,9.4,11,1
10,1200,9.4,11,1
10,1100,9.4,11,1
10,1300,9.4,11,1
10,1300,0.3,2,1
10,1300,0.3,2,1
10,1300,14.2,3,1
10,1400,14.2,3,1
10,1300,78.1,4,1
10,1300,148.5,5,1
10,1300,148.5,5,1
10,1400,148.5,5,1
10,1400,70.4,6,1
10,1300,70.4,6,1
10,1300,70.4,6,1
10,1300,220.5,7,1
10,1300,220.5,7,1
10,1300,195.0,9,1
10,1300,195.0,9,1
10,1500,195.0,9,1
10,1400,195.0,9,1
10,1500,195.0,9,1
10,1650,195.0,9,1
10,1400,137.2,10,1
10,1300,137.2,10,1
10,1350,137.2,10,1
10,1300,137.2,10,1
10,1100,9.4,11,1
10,1500,9.4,11,1
10,1400,0.0,1,1
10,1500,0.0,1,1
10,1400,0.0,1,1
10,1400,0.0,1,1
10,1500,0.3,2,1
10,1533,0.3,2,1
10,1500,0.3,2,1
10,1500,0.3,2,1
10,1400,0.3,2,1
10,1500,0.3,2,1
10,1500,0.3,2,1
10,1500,14.2,3,1
10,1500,14.2,3,1
10,1500,14.2,3,1
10,1520,14.2,3,1
10,1500,14.2,3,1
10,1500,14.2,3,1
10,1450,14.2,3,1
10,1800,78.1,4,1
10,1500,78.1,4,1
10,1400,78.1,4,1
10,1520,78.1,4,1
10,1500,78.1,4,1
10,1500,78.1,4,1
10,1300,78.1,4,1
10,1400,148.5,5,1
10,1500,148.5,5,1
10,1400,148.5,5,1
10,1750,148.5,5,1
10,1500,148.5,5,1
10,1300,148.5,5,1
10,1400,148.5,5,1
10,1500,70.4,6,1
10,1500,70.4,6,1
10,1300,70.4,6,1
10,1400,70.4,6,1
10,1300,70.4,6,1
10,1500,70.4,6,1
10,1500,70.4,6,1
10,1500,70.4,6,1
10,1400,220.5,7,1
10,1500,220.5,7,1
10,1500,220.5,7,1
10,1400,220.5,7,1
10,1300,220.5,7,1
10,1525,195.0,9,1
10,1600,195.0,9,1
10,1333,137.2,10,1
10,1200,137.2,10,1
10,1500,137.2,10,1
10,1500,137.2,10,1
10,1100,137.2,10,1
10,1100,9.4,11,1
10,1100,9.4,11,1
10,1500,9.4,11,1
10,1500,9.4,11,1
10,1400,9.4,11,1
10,1400,9.4,11,1
10,1400,0.0,1,1
10,1400,0.0,1,1
10,1450,0.0,1,1
10,1800,0.0,1,1
10,1300,0.0,1,1
10,1625,0.0,1,1
10,1431,0.0,1,1
10,1430,0.3,2,1
10,1480,0.3,2,1
10,1500,0.3,2,1
10,1525,0.3,2,1
10,2000,0.3,2,1
10,1950,0.3,2,1
10,1950,0.3,2,1
10,1390,0.3,2,1
10,1620,0.3,2,1
10,2000,14.2,3,1
10,2026,14.2,3,1
10,2020,14.2,3,1
10,2025,14.2,3,1
10,1300,14.2,3,1
10,1750,14.2,3,1
10,1760,14.2,3,1
10,1600,78.1,4,1
10,1580,78.1,4,1
10,1540,78.1,4,1
10,1700,78.1,4,1
10,1300,78.1,4,1
10,1670,78.1,4,1
10,1480,78.1,4,1
10,1300,78.1,4,1
10,1650,78.1,4,1
10,1300,148.5,5,1
10,1425,148.5,5,1
10,1620,148.5,5,1
10,1297,148.5,5,1
10,1420,148.5,5,1
10,1420,148.5,5,1
10,1410,148.5,5,1
10,1410,148.5,5,1
10,1400,148.5,5,1
10,1580,70.4,6,1
10,1250,70.4,6,1
10,1500,70.4,6,1
10,1555,70.4,6,1
10,1555,70.4,6,1
10,1300,70.4,6,1
10,1420,70.4,6,1
10,1600,70.4,6,1
10,1300,70.4,6,1
10,1650,220.5,7,1
10,1650,220.5,7,1
10,1640,220.5,7,1
10,1300,220.5,7,1
10,1300,220.5,7,1
10,1742,220.5,7,1
10,1300,220.5,7,1
10,1743,220.5,7,1
10,1300,160.9,8,1
10,1300,160.9,8,1
10,1670,160.9,8,1
10,1450,160.9,8,1
10,1300,160.9,8,1
10,1400,160.9,8,1
10,1570,14.2,3,1
10,1400,14.2,3,1
10,1660,78.1,4,1
10,1300,70.4,6,1
10,1056,195.0,9,1
10,1056,0.0,1,1
10,1500,0.0,1,1
10,1500,0.0,1,1
10,1800,0.0,1,1
10,1600,0.0,1,1
10,1600,0.0,1,1
10,1500,0.0,1,1
10,1200,0.0,1,1
10,1500,0.0,1,1
10,1600,0.0,1,1
10,1500,0.0,1,1
10,1500,0.3,2,1
10,1600,0.3,2,1
10,1400,0.3,2,1
10,1400,0.3,2,1
10,1400,0.3,2,1
10,1600,0.3,2,1
10,1300,0.3,2,1
10,1600,0.3,2,1
10,1500,14.2,3,1
10,1400,14.2,3,1
10,1650,14.2,3,1
10,1590,14.2,3,1
10,1400,14.2,3,1
10,1800,14.2,3,1
10,1500,14.2,3,1
10,1400,78.1,4,1
10,1400,78.1,4,1
10,1400,78.1,4,1
10,1600,148.5,5,1
10,1500,148.5,5,1
10,1400,148.5,5,1
10,1400,148.5,5,1
10,1350,148.5,5,1
10,1430,148.5,5,1
10,1400,148.5,5,1
10,1300,148.5,5,1
10,1400,70.4,6,1
10,1300,70.4,6,1
10,1400,70.4,6,1
10,1370,220.5,7,1
10,1300,220.5,7,1
10,1667,220.5,7,1
10,1100,220.5,7,1
10,1400,220.5,7,1
10,1400,220.5,7,1
10,1400,220.5,7,1
10,1300,220.5,7,1
10,1600,220.5,7,1
10,1949,160.9,8,1
10,1500,160.9,8,1
10,1100,160.9,8,1
10,1300,160.9,8,1
10,1740,160.9,8,1
10,1378,160.9,8,1
10,1600,160.9,8,1
10,1300,160.9,8,1
10,1100,160.9,8,1
10,1300,160.9,8,1
10,1100,160.9,8,1
10,1550,195.0,9,1
10,1473,195.0,9,1
10,1300,195.0,9,1
10,1300,195.0,9,1
10,1780,195.0,9,1
10,1500,195.0,9,1
10,1780,195.0,9,1
10,1400,195.0,9,1
10,1780,195.0,9,1
10,1200,195.0,9,1
10,1400,195.0,9,1
10,1300,137.2,10,1
10,1300,137.2,10,1
10,1400,137.2,10,1
10,1300,137.2,10,1
10,1300,137.2,10,1
10,1300,137.2,10,1
10,1200,137.2,10,1
10,1380,137.2,10,1
10,1728,137.2,10,1
10,1603,9.4,11,1
10,1200,9.4,11,1
10,1650,9.4,11,1
10,1200,9.4,11,1
11,1400,45.8,11,1
11,1300,0.0,1,1
11,1200,0.0,1,1
11,1200,0.0,1,1
11,1200,0.0,1,1
11,1200,2.1,2,1
11,1510,2.1,2,1
11,1200,2.1,2,1
11,1200,2.1,2,1
11,1250,6.8,3,1
11,1100,6.8,3,1
11,1100,6.8,3,1
11,1000,69.0,4,1
11,1200,69.0,4,1
11,1200,69.0,4,1
11,1100,126.1,5,1
11,1200,126.1,5,1
11,1100,126.1,5,1
11,1200,77.9,6,1
11,1300,77.9,6,1
11,1300,77.9,6,1
11,1800,96.0,9,1
11,1800,144.7,10,1
11,2400,144.7,10,1
12,1500,13.6,3,1
12,1550,45.5,8,1
12,1550,0.0,1,1
12,1600,0.0,1,1
12,1600,0.0,1,1
12,1600,0.0,1,1
12,1500,0.0,1,1
12,1500,0.0,1,1
12,1500,0.0,1,1
12,1500,0.0,2,1
12,1500,0.0,2,1
12,1500,0.0,2,1
12,1600,0.0,2,1
12,1600,0.0,2,1
12,1550,0.0,2,1
12,1550,0.0,2,1
12,1600,0.0,2,1
12,1600,13.6,3,1
12,1600,13.6,3,1
12,1600,13.6,3,1
12,1700,13.6,3,1
12,1650,13.6,3,1
12,1600,13.6,3,1
12,1700,13.6,3,1
12,1700,13.6,3,1
12,1600,13.6,3,1
12,1600,3.5,4,1
12,1600,3.5,4,1
12,1600,3.5,4,1
12,1650,3.5,4,1
12,1600,3.5,4,1
12,1600,3.5,4,1
12,1600,85.9,5,1
12,1500,85.9,5,1
12,1450,85.9,5,1
12,1500,85.9,5,1
12,1550,71.7,6,1
12,1450,71.7,6,1
12,1500,71.7,6,1
12,1450,71.7,6,1
12,1500,58.3,7,1
12,1500,58.3,7,1
12,1500,58.3,7,1
12,1500,58.3,7,1
12,1600,58.3,7,1
12,1600,58.3,7,1
12,1600,58.3,7,1
12,1700,45.5,8,1
12,1600,45.5,8,1
12,1700,45.5,8,1
12,1600,74.9,9,1
12,1650,74.9,9,1
12,1700,74.9,9,1
12,1600,74.9,9,1
12,1600,74.9,9,1
12,1650,74.9,9,1
12,1600,125.5,10,1
12,1650,125.5,10,1
12,1300,125.5,10,1
12,1400,30.6,11,1
12,1350,30.6,11,1
12,1400,30.6,11,1
12,1350,30.6,11,1
12,1500,30.6,11,1
12,1680,0.0,1,1
12,1650,0.0,2,1
12,1800,13.6,3,1
12,1400,85.9,5,1
12,1600,71.7,6,1
12,1500,45.5,8,1
12,1600,45.5,8,1
12,1450,74.9,9,1
12,1450,74.9,9,1
12,1600,74.9,9,1
12,2000,125.5,10,1
12,1800,0.0,2,1
12,2000,13.6,3,1
13,1400,57.3,6,1
13,1400,57.3,6,1
13,1400,57.3,6,1
13,1400,57.3,6,1
13,1600,57.3,6,1
13,1200,57.3,6,1
13,1400,52.0,7,1
13,1680,52.0,7,1
13,1400,52.0,7,1
13,1450,52.0,7,1
13,1400,52.0,7,1
13,1300,52.0,7,1
13,1400,52.0,7,1
13,1400,52.0,7,1
13,1500,84.4,8,1
13,1500,84.4,8,1
13,1400,84.4,8,1
13,1400,84.4,8,1
13,1400,184.9,10,1
13,1200,184.9,10,1
13,1400,6.4,11,1
13,1800,57.3,6,1
13,1600,84.4,8,1
13,1600,0.0,1,1
13,1600,0.0,1,1
13,1700,0.0,1,1
13,1700,0.0,1,1
13,1600,0.0,1,1
13,1650,0.0,1,1
13,1600,0.0,1,1
13,1700,0.0,1,1
13,1600,0.2,2,1
13,1600,0.2,2,1
13,1500,0.2,2,1
13,1500,0.2,2,1
13,1700,0.2,2,1
13,1465,0.2,2,1
13,1700,18.1,3,1
13,1700,18.1,3,1
13,1500,18.1,3,1
13,1700,18.1,3,1
13,1500,18.1,3,1
13,1950,18.1,3,1
13,1600,18.1,3,1
13,1600,18.1,3,1
13,1950,39.4,4,1
13,1500,39.4,4,1
13,1950,39.4,4,1
13,1600,39.4,4,1
13,1600,39.4,4,1
13,1600,39.4,4,1
13,1600,39.4,4,1
13,1500,139.2,5,1
13,1400,139.2,5,1
13,1450,139.2,5,1
13,1500,139.2,5,1
13,1600,139.2,5,1
13,1500,57.3,6,1
13,1350,57.3,6,1
13,1600,57.3,6,1
13,1400,57.3,6,1
13,1350,57.3,6,1
13,1600,57.3,6,1
13,1400,57.3,6,1
13,1400,57.3,6,1
13,1350,57.3,6,1
13,1400,57.3,6,1
13,1500,52.0,7,1
13,1500,52.0,7,1
13,1400,52.0,7,1
13,1600,52.0,7,1
13,1600,52.0,7,1
13,1400,52.0,7,1
13,1600,52.0,7,1
13,1550,52.0,7,1
13,1600,52.0,7,1
13,1550,52.0,7,1
13,1550,84.4,8,1
13,1600,84.4,8,1
13,1550,84.4,8,1
13,1600,84.4,8,1
13,1800,84.4,8,1
13,1600,84.4,8,1
13,1880,84.4,8,1
13,1700,84.4,8,1
13,1500,84.4,8,1
13,1940,183.1,9,1
13,1600,183.1,9,1
13,1600,183.1,9,1
13,2020,183.1,9,1
13,1500,183.1,9,1
13,1500,183.1,9,1
13,1900,183.1,9,1
13,1500,184.9,10,1
13,1500,184.9,10,1
13,1770,184.9,10,1
13,1650,184.9,10,1
13,1500,184.9,10,1
13,1500,184.9,10,1
13,1400,184.9,10,1
13,1500,184.9,10,1
13,1850,6.4,11,1
13,1200,6.4,11,1
13,1430,6.4,11,1
13,1380,6.4,11,1
13,1750,6.4,11,1
13,1300,6.4,11,1
14,1300,3.8,11,1
14,1500,164.5,9,1
14,1250,164.5,9,1
14,1500,164.5,9,1
14,1400,164.5,9,1
14,1400,146.8,10,1
14,1400,0.4,1,1
14,1500,0.4,1,1
14,1400,0.4,1,1
14,1425,0.4,1,1
14,1400,0.4,1,1
14,1925,0.4,1,1
14,1200,0.4,1,1
14,1500,0.4,1,1
14,1500,2.3,2,1
14,1500,2.3,2,1
14,1400,2.3,2,1
14,1350,14.1,3,1
14,1400,122.0,7,1
14,1400,139.0,8,1
14,1300,139.0,8,1
14,1500,14.1,3,1
14,1720,14.1,3,1
14,1300,14.1,3,1
14,1400,66.6,6,1
14,1328,122.0,7,1
14,2500,122.0,7,1
14,1565,164.5,9,1
14,1565,0.4,1,1
14,1530,0.4,1,1
14,1492,0.4,1,1
14,1472,0.4,1,1
14,1484,0.4,1,1
14,1492,0.4,1,1
14,1442,0.4,1,1
14,1424,0.4,1,1
14,1479,0.4,1,1
14,1407,0.4,1,1
14,1469,0.4,1,1
14,1423,0.4,1,1
14,1478,0.4,1,1
14,1487,0.4,1,1
14,1501,0.4,1,1
14,1497,0.4,1,1
14,1515,0.4,1,1
14,1445,0.4,1,1
14,1460,0.4,1,1
14,1539,0.4,1,1
14,1374,2.3,2,1
14,1457,2.3,2,1
14,1429,2.3,2,1
14,1530,2.3,2,1
14,1449,2.3,2,1
14,1403,2.3,2,1
14,1440,2.3,2,1
14,1473,2.3,2,1
14,1529,2.3,2,1
14,1473,2.3,2,1
14,1580,2.3,2,1
14,1682,2.3,2,1
14,1474,2.3,2,1
14,1460,2.3,2,1
14,1554,2.3,2,1
14,1607,2.3,2,1
14,1455,2.3,2,1
14,1455,2.3,2,1
14,1494,2.3,2,1
14,1517,14.1,3,1
14,1599,14.1,3,1
14,1597,14.1,3,1
14,1575,14.1,3,1
14,1466,14.1,3,1
14,1497,14.1,3,1
14,1472,14.1,3,1
14,1503,14.1,3,1
14,1496,14.1,3,1
14,1542,14.1,3,1
14,1460,14.1,3,1
14,1429,14.1,3,1
14,1443,14.1,3,1
14,1537,14.1,3,1
14,1540,14.1,3,1
14,1360,14.1,3,1
14,1496,14.1,3,1
14,1444,40.5,4,1
14,1554,40.5,4,1
14,1483,40.5,4,1
14,1446,40.5,4,1
14,1571,40.5,4,1
14,1540,40.5,4,1
14,1482,40.5,4,1
14,1511,40.5,4,1
14,1399,40.5,4,1
14,1426,40.5,4,1
14,1446,40.5,4,1
14,1437,40.5,4,1
14,1365,40.5,4,1
14,1431,40.5,4,1
14,1362,40.5,4,1
14,1509,40.5,4,1
14,1260,40.5,4,1
14,1415,40.5,4,1
14,1456,40.5,4,1
14,1422,40.5,4,1
14,1375,151.5,5,1
14,1450,151.5,5,1
14,1330,151.5,5,1
14,1380,151.5,5,1
14,1520,151.5,5,1
14,1365,151.5,5,1
14,1274,151.5,5,1
14,1244,151.5,5,1
14,1413,151.5,5,1
14,1344,151.5,5,1
14,1418,151.5,5,1
14,1338,151.5,5,1
14,1292,151.5,5,1
14,1360,151.5,5,1
14,1090,151.5,5,1
14,1436,151.5,5,1
14,1391,151.5,5,1
14,1199,151.5,5,1
14,1187,151.5,5,1
14,1264,151.5,5,1
14,1227,66.6,6,1
14,1097,66.6,6,1
14,1248,66.6,6,1
14,1351,66.6,6,1
14,1293,66.6,6,1
14,1436,66.6,6,1
14,1377,66.6,6,1
14,1201,66.6,6,1
14,1368,66.6,6,1
14,1293,66.6,6,1
14,1287,66.6,6,1
14,1332,66.6,6,1
14,1331,66.6,6,1
14,1411,66.6,6,1
14,1444,66.6,6,1
14,1308,66.6,6,1
14,1350,66.6,6,1
14,1420,66.6,6,1
14,1400,66.6,6,1
14,1391,66.6,6,1
14,1282,66.6,6,1
14,1339,122.0,7,1
14,1352,122.0,7,1
14,1446,122.0,7,1
14,1424,122.0,7,1
14,1288,122.0,7,1
14,1382,122.0,7,1
14,1454,122.0,7,1
14,1439,122.0,7,1
14,1449,122.0,7,1
14,1452,122.0,7,1
14,1453,122.0,7,1
14,1448,122.0,7,1
14,1472,122.0,7,1
14,1448,122.0,7,1
14,1470,122.0,7,1
14,1443,122.0,7,1
14,1459,122.0,7,1
14,1469,122.0,7,1
14,1419,122.0,7,1
14,1445,122.0,7,1
14,1428,139.0,8,1
14,1434,139.0,8,1
14,1466,139.0,8,1
14,1470,139.0,8,1
14,1469,139.0,8,1
14,1472,139.0,8,1
14,1503,139.0,8,1
14,1431,139.0,8,1
14,1404,139.0,8,1
14,1462,139.0,8,1
14,1436,139.0,8,1
14,1445,139.0,8,1
14,1401,139.0,8,1
14,1393,139.0,8,1
14,1437,139.0,8,1
14,1550,139.0,8,1
14,1407,139.0,8,1
14,1482,139.0,8,1
14,1424,139.0,8,1
14,1441,164.5,9,1
14,1453,164.5,9,1
14,1496,164.5,9,1
14,1415,164.5,9,1
14,1435,164.5,9,1
14,1415,164.5,9,1
14,1398,164.5,9,1
14,1430,164.5,9,1
14,1407,164.5,9,1
14,1394,164.5,9,1
14,1370,164.5,9,1
14,1389,164.5,9,1
14,1408,164.5,9,1
14,1445,164.5,9,1
14,1412,164.5,9,1
14,1310,164.5,9,1
14,1480,164.5,9,1
14,1480,164.5,9,1
14,1416,164.5,9,1
14,1373,164.5,9,1
14,1394,164.5,9,1
14,1387,164.5,9,1
14,1390,164.5,9,1
14,1369,146.8,10,1
14,1277,146.8,10,1
14,1263,146.8,10,1
14,1284,146.8,10,1
14,1323,146.8,10,1
14,1307,146.8,10,1
14,1317,146.8,10,1
14,1310,146.8,10,1
14,1340,146.8,10,1
14,1335,146.8,10,1
14,1221,146.8,10,1
14,1263,146.8,10,1
14,1265,146.8,10,1
14,1227,146.8,10,1
14,1296,146.8,10,1
14,1221,146.8,10,1
14,1260,3.8,11,1
14,1247,3.8,11,1
14,1233,3.8,11,1
14,1220,3.8,11,1
14,1184,3.8,11,1
14,1198,3.8,11,1
14,1232,3.8,11,1
14,1294,3.8,11,1
14,1275,3.8,11,1
14,1207,3.8,11,1
14,1191,3.8,11,1
14,1192,3.8,11,1
14,1100,3.8,11,1
14,1500,122.0,7,1
14,1500,0.4,1,1
14,1500,0.4,1,1
14,1500,0.4,1,1
14,1500,0.4,1,1
14,1500,0.4,1,1
14,1500,0.4,1,1
14,1261,0.4,1,1
14,1500,0.4,1,1
14,1300,0.4,1,1
14,1400,0.4,1,1
14,1374,0.4,1,1
14,1350,0.4,1,1
14,1350,0.4,1,1
14,1500,0.4,1,1
14,1500,0.4,1,1
14,1180,0.4,1,1
14,1400,0.4,1,1
14,1400,2.3,2,1
14,1425,2.3,2,1
14,1400,2.3,2,1
14,1336,2.3,2,1
14,1500,2.3,2,1
14,1469,2.3,2,1
14,1350,2.3,2,1
14,1400,2.3,2,1
14,1307,2.3,2,1
14,1400,2.3,2,1
14,1400,2.3,2,1
14,1380,2.3,2,1
14,1407,2.3,2,1
14,1400,2.3,2,1
14,1450,2.3,2,1
14,1400,2.3,2,1
14,1400,2.3,2,1
14,1400,2.3,2,1
14,1418,2.3,2,1
14,1500,14.1,3,1
14,1523,14.1,3,1
14,1500,14.1,3,1
14,1475,14.1,3,1
14,1050,14.1,3,1
14,1423,14.1,3,1
14,1800,14.1,3,1
14,1400,14.1,3,1
14,1400,14.1,3,1
14,1400,14.1,3,1
14,1650,14.1,3,1
14,1475,14.1,3,1
14,1400,14.1,3,1
14,1500,14.1,3,1
14,1480,14.1,3,1
14,1500,14.1,3,1
14,1500,14.1,3,1
14,1448,14.1,3,1
14,1448,40.5,4,1
14,1454,40.5,4,1
14,1450,40.5,4,1
14,1500,40.5,4,1
14,1454,40.5,4,1
14,1500,40.5,4,1
14,1430,151.5,5,1
14,1400,151.5,5,1
14,1500,151.5,5,1
14,1460,151.5,5,1
14,1500,151.5,5,1
14,1375,151.5,5,1
14,1500,151.5,5,1
14,1370,66.6,6,1
14,1413,66.6,6,1
14,1500,66.6,6,1
14,1420,66.6,6,1
14,1400,66.6,6,1
14,1430,66.6,6,1
14,1430,66.6,6,1
14,1400,66.6,6,1
14,1400,66.6,6,1
14,1300,122.0,7,1
14,1400,122.0,7,1
14,1500,122.0,7,1
14,1395,122.0,7,1
14,1400,122.0,7,1
14,1400,122.0,7,1
14,1500,122.0,7,1
14,1400,122.0,7,1
14,1529,122.0,7,1
14,1500,122.0,7,1
14,1500,139.0,8,1
14,1500,139.0,8,1
14,1400,139.0,8,1
14,1455,139.0,8,1
14,1500,139.0,8,1
14,1480,139.0,8,1
14,1450,139.0,8,1
14,1230,164.5,9,1
14,1500,164.5,9,1
14,1450,164.5,9,1
14,1500,164.5,9,1
14,1500,164.5,9,1
14,1400,164.5,9,1
14,1500,164.5,9,1
14,1400,164.5,9,1
14,1404,146.8,10,1
14,1500,146.8,10,1
14,1350,146.8,10,1
14,1250,146.8,10,1
14,1300,3.8,11,1
14,1450,2.3,2,1
14,1500,122.0,7,1
14,1300,139.0,8,1
15,2100,312.9,9,1
15,1400,0.0,1,1
15,1400,8.3,2,1
15,1500,9.9,3,1
15,1500,9.9,3,1
15,1300,141.9,5,1
15,1600,141.9,5,1
15,2000,1105.6,7,1
15,1400,849.9,8,1
15,2000,849.9,8,1
15,1400,849.9,8,1
15,1500,849.9,8,1
15,1400,312.9,9,1
15,1400,127.2,10,1
15,1550,0.0,1,1
15,2000,0.0,1,1
15,2000,0.0,1,1
15,2100,0.0,1,1
15,2100,0.0,1,1
15,2100,8.3,2,1
15,2100,8.3,2,1
15,2100,8.3,2,1
15,2100,9.9,3,1
15,2100,9.9,3,1
15,2100,9.9,3,1
15,1850,71.8,4,1
15,1850,71.8,4,1
15,1900,71.8,4,1
15,1850,71.8,4,1
15,1850,71.8,4,1
15,1850,71.8,4,1
15,2100,71.8,4,1
15,2100,71.8,4,1
15,2100,71.8,4,1
15,1950,141.9,5,1
15,2100,141.9,5,1
15,2150,141.9,5,1
15,2150,141.9,5,1
15,2000,303.3,6,1
15,2000,303.3,6,1
15,1900,303.3,6,1
15,1950,303.3,6,1
15,1950,303.3,6,1
15,2050,1105.6,7,1
15,2050,1105.6,7,1
15,2050,1105.6,7,1
15,2100,1105.6,7,1
15,2100,1105.6,7,1
15,2050,1105.6,7,1
15,2050,1105.6,7,1
15,2050,1105.6,7,1
15,2050,1105.6,7,1
15,2050,1105.6,7,1
15,2050,849.9,8,1
15,2050,849.9,8,1
15,2050,849.9,8,1
15,2050,849.9,8,1
15,1900,849.9,8,1
15,1975,312.9,9,1
15,1900,312.9,9,1
15,1400,312.9,9,1
16,1500,113.4,9,1
16,1500,0.0,1,1
16,1500,0.0,1,1
16,1500,0.0,1,1
16,1327,0.0,1,1
16,1360,0.0,1,1
16,1360,3.9,2,1
16,1500,3.9,2,1
16,1300,3.9,2,1
16,1500,3.9,2,1
16,1500,3.9,2,1
16,1450,3.9,2,1
16,1440,3.9,2,1
16,1500,3.9,2,1
16,1500,3.9,2,1
16,1500,26.6,3,1
16,1500,26.6,3,1
16,1400,26.6,3,1
16,1500,24.0,4,1
16,1500,24.0,4,1
16,1500,24.0,4,1
16,1400,24.0,4,1
16,1400,24.0,4,1
16,1500,98.4,5,1
16,1500,98.4,5,1
16,1400,98.4,5,1
16,1400,98.4,5,1
16,1410,98.4,5,1
16,1400,98.4,5,1
16,1500,66.6,6,1
16,1400,66.6,6,1
16,1500,66.6,6,1
16,1500,66.6,6,1
16,1300,66.6,6,1
16,1500,48.0,7,1
16,1500,48.0,7,1
16,1500,48.0,7,1
16,1490,48.0,7,1
16,1600,48.0,7,1
16,1490,48.0,7,1
16,1500,48.0,7,1
16,1500,48.0,7,1
16,1600,48.0,7,1
16,1650,123.3,8,1
16,1400,123.3,8,1
16,1700,123.3,8,1
16,1900,123.3,8,1
16,1500,123.3,8,1
16,1700,123.3,8,1
16,1475,123.3,8,1
16,1600,123.3,8,1
16,1200,113.4,9,1
16,1650,113.4,9,1
16,1600,113.4,9,1
16,1600,113.4,9,1
16,1425,113.4,9,1
16,1650,113.4,9,1
16,1600,113.4,9,1
16,1600,113.4,9,1
16,1345,172.1,10,1
16,1300,172.1,10,1
16,1600,172.1,10,1
16,1400,172.1,10,1
16,1600,172.1,10,1
16,1400,172.1,10,1
16,1550,18.7,11,1
16,1550,18.7,11,1
16,1600,18.7,11,1
16,1600,18.7,11,1
16,1160,18.7,11,1
16,1160,18.7,11,1
16,1213,18.7,11,1
16,1650,0.0,1,1
16,1400,0.0,1,1
16,1400,0.0,1,1
16,1400,0.0,1,1
16,1450,3.9,2,1
16,1450,26.6,3,1
16,1400,26.6,3,1
16,1400,26.6,3,1
16,1300,26.6,3,1
16,1300,26.6,3,1
16,1455,26.6,3,1
16,1350,24.0,4,1
16,1500,24.0,4,1
16,1500,98.4,5,1
16,1500,98.4,5,1
16,1500,98.4,5,1
16,1300,98.4,5,1
16,1500,98.4,5,1
16,1550,66.6,6,1
16,1300,66.6,6,1
16,1500,66.6,6,1
16,1550,66.6,6,1
16,1450,66.6,6,1
16,1300,48.0,7,1
16,1500,48.0,7,1
16,1550,48.0,7,1
16,1480,123.3,8,1
16,1422,123.3,8,1
16,1550,123.3,8,1
16,1650,113.4,9,1
16,1650,113.4,9,1
16,1600,113.4,9,1
16,1600,113.4,9,1
16,1500,113.4,9,1
16,1600,113.4,9,1
16,1500,113.4,9,1
16,1500,172.1,10,1
16,1380,172.1,10,1
16,1500,172.1,10,1
16,1500,172.1,10,1
16,1200,172.1,10,1
16,1150,172.1,10,1
16,1150,172.1,10,1
16,1150,18.7,11,1
16,1300,18.7,11,1
16,1300,18.7,11,1
16,1100,18.7,11,1
16,1000,18.7,11,1
16,1500,18.7,11,1
16,1500,0.0,1,1
16,1500,0.0,1,1
16,1600,3.9,2,1
16,1500,26.6,3,1
16,1500,26.6,3,1
16,1650,26.6,3,1
16,1500,26.6,3,1
16,1500,24.0,4,1
16,1500,24.0,4,1
16,1500,66.6,6,1
16,1450,66.6,6,1
16,1700,48.0,7,1
16,1270,123.3,8,1
16,3500,18.7,11,1
16,1500,3.9,2,1
16,2500,123.3,8,1
16,1600,113.4,9,1
16,1400,172.1,10,1
16,1800,18.7,11,1
16,1950,3.9,2,1
16,2000,3.9,2,1
16,2000,3.9,2,1
16,2000,26.6,3,1
16,1900,26.6,3,1
16,2000,26.6,3,1
16,1982,26.6,3,1
16,2000,24.0,4,1
16,2000,24.0,4,1
16,2000,24.0,4,1
16,1900,98.4,5,1
16,2000,66.6,6,1
16,1500,66.6,6,1
16,1700,123.3,8,1
16,1742,113.4,9,1
16,1900,113.4,9,1
16,2000,113.4,9,1
16,2000,113.4,9,1
16,2000,172.1,10,1
16,2000,172.1,10,1
16,2000,172.1,10,1
16,2000,172.1,10,1
16,2000,18.7,11,1
16,1800,18.7,11,1
16,1800,18.7,11,1
16,1800,0.0,1,1
16,1500,0.0,1,1
16,1600,0.0,1,1
16,1600,0.0,1,1
16,1500,0.0,1,1
16,1500,0.0,1,1
16,1500,0.0,1,1
16,1500,0.0,1,1
16,1500,0.0,1,1
16,1600,0.0,1,1
16,1600,0.0,1,1
16,1600,3.9,2,1
16,1600,3.9,2,1
16,1600,3.9,2,1
16,1600,3.9,2,1
16,1600,3.9,2,1
16,1600,3.9,2,1
16,1500,26.6,3,1
16,1780,26.6,3,1
16,1800,26.6,3,1
16,1700,26.6,3,1
16,1700,26.6,3,1
16,1700,26.6,3,1
16,1800,26.6,3,1
16,1700,26.6,3,1
16,1850,26.6,3,1
16,1800,24.0,4,1
16,1800,24.0,4,1
16,1850,24.0,4,1
16,1800,24.0,4,1
16,1800,98.4,5,1
16,1850,98.4,5,1
16,1750,98.4,5,1
16,1800,98.4,5,1
16,1700,66.6,6,1
16,1750,66.6,6,1
16,1700,66.6,6,1
16,1700,48.0,7,1
16,1750,48.0,7,1
16,1750,113.4,9,1
16,1730,113.4,9,1
16,1700,113.4,9,1
16,1550,113.4,9,1
16,1700,113.4,9,1
16,1700,172.1,10,1
16,1700,172.1,10,1
16,1550,172.1,10,1
16,1450,172.1,10,1
16,1400,172.1,10,1
16,1550,172.1,10,1
16,1550,18.7,11,1
16,1560,18.7,11,1
16,1350,18.7,11,1
16,1560,18.7,11,1
